Date,Close,IMF_1,IMF_2,IMF_3,IMF_4,IMF_5,IMF_6,Sentiment
2015-01-05,8407.9501953125,-191.525359297471,3.588300253909451,-171.12814032862292,319.4036437444956,711.696681604019,7735.915069336171,0.448285
2015-01-12,8291.349609375,-291.3018927051893,-0.4397444806407236,-186.2150659358427,323.17205568703605,718.9711538590111,7727.163102950626,0.448285
2015-01-19,8550.0498046875,-69.05433522605409,39.90935566885727,-187.89839793558957,323.5284138203344,724.6339986358732,7718.930769724078,0.448285
2015-01-27,8871.349609375,229.690089830471,43.75197952975728,-162.32756498786793,320.32712765519824,728.6880457458628,7711.219931601578,0.448285
2015-02-03,8823.150390625,192.17115738153012,-15.200536224207733,-102.9879090987392,313.9693770745127,731.1658543257133,7704.032447166191,0.448285
2015-02-10,8478.099609375,-144.64422433148175,-91.9534079866609,-19.771491702498377,304.992778455018,732.1058749533535,7697.370079987269,0.448285
2015-02-18,8811.5498046875,113.97108236193648,-90.61275902627835,71.47538133750221,293.9349641671352,731.5471239167848,7691.23401193042,0.448285
2015-02-25,8801.900390625,-105.77673212387892,61.0037086306125,150.1858051717155,281.3335665812881,729.5300590114906,7685.623983353773,0.448285
2015-03-04,9109.150390625,106.91173251952972,133.2628810383184,194.6146863508576,267.72621806788425,726.0968379847927,7680.538034663618,0.448285
2015-03-12,8740.650390625,-106.52163185515744,6.214077583842208,190.07927198302187,253.6148480630289,721.2901356938037,7675.97368915646,0.448285
2015-03-19,8749.4501953125,110.47109399221132,-137.68907854122193,150.22794761421108,239.35913512287408,715.1526683666705,7671.928428757755,0.448285
2015-03-26,8474.9501953125,-125.20269050874772,-94.91665338341264,93.65735328205608,225.2852982980941,707.7271522315951,7668.399735392915,0.448285
2015-04-06,8615.7998046875,-19.36472823336313,27.87930844031224,31.12371247980604,211.7201174966113,699.0563035167557,7665.385090987378,0.448285
2015-04-13,8801.75,164.23425982994988,113.0806796296038,-26.620128002796356,198.9903726263356,689.1828384503199,7662.881977466587,0.448285
2015-04-22,8400.400390625,-116.97381976612678,63.78030429292118,-72.8662875134024,187.42284359517467,678.1494732604679,7660.887876755965,0.448285
2015-04-29,8274.7998046875,-77.34208219655982,-40.21082330374637,-110.39079507957594,177.34428667661834,665.9989478098012,7659.400270780961,0.448285
2015-05-07,8077.0,-182.3588764984445,-76.7494670270114,-144.16375804662587,169.08130833848043,652.7741517666086,7658.4166414669935,0.448285
2015-05-14,8232.4501953125,-16.64460777671147,-33.30966582038093,-177.0084916776406,162.959510517767,638.5189793299639,7657.934470739501,0.448285
2015-05-21,8434.5,168.77781388343243,29.01794940629064,-203.8288236640764,159.30089243548855,623.2809274149413,7657.951240523925,0.448285
2015-05-28,8345.7001953125,92.284218853541,48.938758077083605,-219.5221606131008,158.42463052229695,607.1103157269891,7658.46443274569,0.448285
2015-06-04,8155.14990234375,-55.33288499995293,21.21458853193896,-220.82533298144563,160.5639088787673,590.0580935842164,7659.471529330226,0.448285
2015-06-11,8157.2998046875,-16.108438865657728,-23.28651972162826,-201.9620317758527,165.51154217727685,572.17524067038,7660.970012202982,0.448285
2015-06-18,8113.7001953125,-86.41611755466324,-31.740282113576036,-157.19196336859173,172.57799111208118,553.5132039478729,7662.957363289377,0.448285
2015-06-25,8336.25,51.02977449006861,-8.090955750401076,-87.21425697615145,180.96708577733568,534.1272879442969,7665.431064514852,0.448285
2015-07-02,8471.9501953125,94.43524517731552,6.862127920457952,-1.6902578340544347,189.87181838027695,514.082663863659,7668.388597804846,0.448285
2015-07-09,8364.849609375,-108.96910279684032,22.879914264961,87.18166878398056,198.47926237604227,493.4504216620795,7671.8274450847775,0.448285
2015-07-16,8546.150390625,10.689314299770103,15.26037655372222,166.17746897596967,205.9849720362568,472.2931704791826,7675.745088280098,0.448285
2015-07-23,8643.9501953125,101.10036520248023,-18.804085342378603,219.25688504902467,211.59689328970876,450.66112779743503,7680.13900931623,0.448285
2015-07-30,8417.0,-91.8491185298742,-48.5649144609055,229.2421810009673,214.5651206184505,428.6000412527552,7685.0066901186065,0.448285
2015-08-06,8585.7998046875,92.2361076412289,-3.6054587055428,186.31621194438048,214.35247217306727,406.1548590216985,7690.345612612668,0.448285
2015-08-13,8384.4501953125,-108.5864190868854,102.27511906810992,100.533424986648,210.7043654129087,383.37044620786736,7696.153258723853,0.448285
2015-08-20,8471.0498046875,128.99807267667794,82.4116992291562,-6.50617269040255,203.42770661322336,360.2913884812689,7702.427110377576,0.448285
2015-08-27,7921.60009765625,-135.80192782220502,-68.46135812512613,-112.59293945685636,192.33129421699493,336.9603793441546,7709.164649499288,0.448285
2015-09-03,7774.4501953125,-58.32934555444382,-178.35264074740363,-195.8752153660584,177.227308560096,313.4167304058883,7716.363358014421,0.448285
2015-09-10,7729.0498046875,-51.86537556868661,-153.166220427385,-237.56700041905657,157.92872331692618,289.6989599372987,7724.020717848403,0.448285
2015-09-18,7967.4501953125,108.8129519083928,-40.15274134071727,-233.5106198617265,134.3208121969761,265.8455814829128,7732.134210926662,0.448285
2015-09-28,7892.7998046875,-94.53195238607567,90.3793108279452,-192.28369417945464,106.63971266323092,241.8951085871996,7740.701319174655,0.448285
2015-10-06,8180.4501953125,77.58410382449966,184.93490692170252,-125.15266880733404,75.47827406113774,217.8860547947045,7749.719524517791,0.448285
2015-10-13,8121.9501953125,-62.34073293514746,233.20232916052052,-43.59641769732124,41.64177425301646,193.85693364991693,7759.186308881514,0.448285
2015-10-20,8280.2998046875,52.70014577336421,241.6682024267241,41.01286599799903,5.973177600807081,169.8462586973412,7769.099154191264,0.448285
2015-10-28,8188.89990234375,2.2983547870905343,173.08293345712875,118.85507977916008,-30.68455153358917,145.89254348149646,7779.455542372464,0.448285
2015-11-04,8104.89990234375,67.3725650377431,8.524271310709908,184.2042578861009,-67.48844878823682,122.03430154688355,7790.252955350549,0.448285
2015-11-13,7762.4501953125,-116.3209699347786,-149.9463969039158,232.540649364094,-103.62200870187718,98.31004643801369,7801.488875050964,0.448285
2015-11-20,7841.89990234375,51.03203746354917,-218.17827127539263,259.5227105191468,-138.39564946206957,74.75829169938997,7813.160783399127,0.448285
2015-11-30,7936.25,178.34355376648938,-209.18221793635965,261.7054885296159,-171.30053755574912,51.417550875520135,7825.266162320484,0.448285
2015-12-07,7816.5498046875,57.63700381269993,-144.60323612138473,239.48313592364036,-202.09593017883083,28.32633751091648,7837.80249374046,0.448285
2015-12-14,7558.2001953125,-205.76872908346027,-58.72469262853174,196.88322926531947,-230.48003697540616,5.523165150081027,7850.767259584498,0.448285
2015-12-21,7745.64990234375,-21.042791230666275,36.29616756665413,139.31035829044984,-256.1183213982349,-16.95345266248079,7864.1579417780285,0.448285
2015-12-29,7929.2001953125,189.7426450953742,106.57823621537672,72.64854103760165,-278.67624690008813,-39.065002382248686,7877.972022246483,0.448285
2016-01-06,7788.0498046875,115.71740002987993,136.6011909262774,2.1164782144809293,-297.8192769337028,-60.77297046473662,7892.206982915301,0.448285
2016-01-13,7557.89990234375,-30.14578807486536,145.08999106028895,-68.6528880343001,-313.21287495186823,-82.03884336540835,7906.860305709903,0.448285
2016-01-20,7357.0,-130.917929948677,130.06451744659063,-136.7294481065526,-324.5225044073202,-102.8241075397801,7921.929472555739,0.448285
2016-01-28,7426.5,21.981095665759945,119.96722524627,-198.35640809409503,-331.4135247160602,-123.0903534801047,7937.411965378231,0.448285
2016-02-04,7411.4501953125,99.64816664719008,81.93653619251901,-247.0893066573088,-333.5494236734938,-142.80104329922517,7953.305266102819,0.448285
2016-02-11,7203.60009765625,-3.232401321029504,5.38071037854074,-275.64173987117897,-330.5832399037935,-161.93008828122544,7969.606856654937,0.448285
2016-02-18,7177.39990234375,56.55091093751731,-86.0394788422589,-276.71795765376334,-322.2356288326495,-180.4721622251109,7986.314218960016,0.448285
2016-02-25,7029.85009765625,-124.71236718836188,-96.74616266056852,-245.05142593560112,-308.6338756659017,-198.4309058368092,8003.424834943492,0.448285
2016-03-03,7429.5498046875,123.25077366275065,-22.53226818185697,-186.05296489094545,-290.2430847867194,-215.80883764652373,8020.936186530795,0.448285
2016-03-11,7484.85009765625,2.6274762875076965,56.55070930704167,-112.97492740163732,-267.5935952377126,-232.60532094631088,8038.845755647362,0.448285
2016-03-18,7534.64990234375,-53.215369220318365,60.93424802377992,-40.18453558861841,-241.2164317079663,-248.8190333817533,8057.151024218626,0.448285
2016-03-29,7606.5498046875,-32.432806202159775,19.632200312564105,19.5922078920615,-211.6426188865722,-264.4486525984186,8075.849474170024,0.448285
2016-04-05,7736.2998046875,62.20748092459216,-18.442453846839324,56.492227887267305,-179.40318146262095,-279.49296167838213,8094.938692863483,0.448285
2016-04-12,7669.25,-72.51969933428586,1.0691915698026178,65.28994059506353,-145.05495678779675,-293.9512707737253,8114.4167947309425,0.448285
2016-04-22,7891.7998046875,77.67192527894343,41.85964077595904,55.07259662729523,-109.26336216251134,-307.82342106341645,8134.282425231229,0.448285
2016-04-29,7844.25,12.405041261161257,31.086538519223232,40.10316188934533,-72.76971776648729,-321.10922048904,8154.534196585798,0.448285
2016-05-06,7717.64990234375,-83.50511805029873,-32.87482091807382,29.039821520026333,-36.37222423179876,-333.80755263395474,8175.1697966578495,0.448285
2016-05-13,7881.0,86.55545330224514,-81.89657622805149,26.70810695465413,-0.636596257937702,-345.9159238923817,8196.185536121473,0.448285
2016-05-20,7792.2001953125,-89.62183562697946,-48.55721323362945,36.24820810636757,33.98515107454568,-357.4315403047732,8217.57742529697,0.448285
2016-05-27,8081.9501953125,47.5377328547961,42.73854719388452,53.53299473358933,67.15105393715456,-368.3515261142924,8239.341392707369,0.448285
2016-06-03,8246.2001953125,86.00984674374162,106.43821674881222,72.34526557861962,98.60650492973514,-378.6723430100914,8261.472704321683,0.448285
2016-06-10,8180.25,-8.802945989611352,77.05364529869274,88.3113423646577,128.11178489866617,-388.38896337400473,8283.9651368016,0.448285
2016-06-17,8176.64990234375,46.545999169145446,-39.22202835038328,104.61829624933878,155.39152805469553,-397.4956852247182,8306.811792445673,0.448285
2016-06-24,8029.10009765625,-96.946526611933,-103.992311930906,125.85162207954949,180.1683471480188,-405.986720495745,8330.005687467265,0.448285
2016-07-01,8313.0498046875,65.69983819738525,-49.39003218454235,154.87797371905566,202.17846799645764,-413.8562811205833,8353.539838079727,0.448285
2016-07-11,8413.349609375,14.929149843482788,30.112482422570714,190.83632184432005,221.16297380093303,-421.0985790327097,8377.407260496404,0.448285
2016-07-18,8564.0498046875,49.22902577060356,72.10142555775572,231.96279394753992,236.86341464657036,-427.7078261656318,8401.600970930662,0.448285
2016-07-25,8519.9501953125,-65.34421620321295,67.62459006069254,276.2127296935424,249.02134061846883,-433.6782344528419,8426.113985595852,0.448285
2016-08-01,8654.2998046875,29.35821002051336,35.008388155785376,320.61959983195806,257.3783018017608,-439.0040158278418,8450.939320705324,0.448285
2016-08-08,8712.849609375,61.42667725971776,-4.507487630763952,361.8639612161856,261.6758095649232,-443.6793435075018,8476.06999247244,0.448285
2016-08-17,8639.7998046875,-28.02320347016509,-44.26599549370806,396.6330019730624,261.6540576286636,-447.6970730609035,8501.499017110551,0.448285
2016-08-24,8648.5,-56.46511152930206,-50.02344591640657,421.7651542377207,257.04982018705545,-451.0458278120775,8527.21941083301,0.448285
2016-08-31,8754.0498046875,-17.892720946706383,-10.939077225818467,435.7256002803612,247.64670234368688,-453.7148896171855,8553.224189853163,0.448285
2016-09-08,8915.5,76.0949453690103,42.797060525947536,439.32362350555377,233.47196184540545,-455.6938357465755,8579.506244500659,0.448285
2016-09-16,8780.849609375,-82.49186661917514,65.8206172301296,433.5313343668801,214.90329368784515,-456.9714487855438,8606.057679494863,0.448285
2016-09-23,8880.75,86.23038843652859,8.99654718401712,417.68314590916526,192.50587106479568,-457.53512910693934,8632.869176512433,0.448285
2016-09-30,8581.5,-89.96439886380519,-84.21286419857148,386.17255432267774,166.94598357978526,-457.3717345653672,8659.930459725281,0.448285
2016-10-07,8721.7001953125,97.05810261003546,-77.3954014232413,332.35471541896567,138.9220993713392,-456.4704051125818,8687.231084447983,0.448285
2016-10-18,8556.0498046875,-106.99971738821552,42.05825804597366,251.9146204397214,109.14343214249976,-454.8273945476011,8714.760605995121,0.448285
2016-10-25,8721.7001953125,89.93388859034572,116.09670470359312,147.28057497317704,78.32588258709099,-452.4454352229726,8742.508579681265,0.448285
2016-11-02,8542.7998046875,106.41783853227123,42.78486037188424,25.274453054638077,47.18693221036151,-449.328840302649,8770.464560820996,0.448285
2016-11-09,8067.5,-106.8255638845109,-96.31991360008836,-98.93476681126518,16.444239873108266,-445.4821003061292,8798.618104728885,0.448285
2016-11-17,8105.10009765625,73.03175812235135,-132.65719433058956,-208.13899153822308,-13.184195732759214,-440.91004558404256,8826.958766719514,0.448285
2016-11-24,8011.7998046875,-70.0511493106362,-8.910862572154546,-288.1164031348357,-40.98014090445181,-435.61774149787215,8855.47610210745,0.448285
2016-12-01,8244.0,77.51836162917047,114.74787150098666,-336.5902839891343,-66.22529666903046,-429.61031867927255,8884.15966620728,0.448285
2016-12-08,8152.10009765625,-18.410136979886374,123.2293714326784,-354.62012792931506,-88.20510877247055,-422.8929144283299,8912.999014333574,0.448285
2016-12-15,8128.39990234375,18.60983518480099,35.12372629068346,-345.5396216914274,-106.30707319608996,-415.47066604511895,8941.983701800902,0.448285
2016-12-22,8043.85009765625,-25.70353393947593,-57.40014698265456,-316.4559319327104,-120.34361080433098,-407.3499626084342,8971.103283923856,0.448285
2016-12-29,8030.60009765625,-66.99476229097652,-99.30025768667956,-274.4034818643984,-130.505255609201,-398.5434609094902,9000.347316016996,0.448285
2017-01-05,8226.650390625,30.615717199064385,-83.90969283864871,-223.638981036598,-137.04819672614587,-389.07380936758295,9029.705353394913,0.448285
2017-01-12,8391.0498046875,57.05708448554698,-38.62274271971563,-167.35885872772693,-140.21284470491,-378.9797850178646,9059.16695137217,0.448285
2017-01-19,8418.400390625,-50.85869215497552,-2.236820759746869,-108.6859867329274,-140.2359153548352,-368.3038596358613,9088.721665263349,0.448285
2017-01-27,8610.5,12.009880857272476,25.448678082874384,-50.87497984078018,-137.35592691998986,-357.08670256240595,9118.35905038303,0.448285
2017-02-03,8735.150390625,12.34511076765953,49.17965201299501,2.7373465813196787,-131.81423028619045,-345.3661504965568,9148.068662045773,0.448285
2017-02-10,8812.349609375,-2.479275097325426,45.14876582048274,48.87227956230573,-123.85296302922517,-333.17925344740985,9177.840055566172,0.448285
2017-02-17,8883.7001953125,2.4277049196785985,23.62240485284968,84.26462343012706,-113.71430469636474,-320.5630194525953,9207.662786258805,0.448285
2017-02-27,8943.7001953125,22.46595476509951,-13.833375986908138,106.73609848066847,-101.6404348348662,-307.5544565497277,9237.526409438236,0.448285
2017-03-06,8915.099609375,-48.90184554270453,-36.37622908968768,115.02026865564432,-87.87249229086514,-294.190572776426,9267.42048041904,0.448285
2017-03-14,9091.650390625,55.28911631063482,-16.511885500073177,108.69996216127682,-72.65298069231166,-280.5083761703206,9297.334554515794,0.448285
2017-03-21,9133.9501953125,25.06340827967321,14.27590375148453,90.18246703145152,-56.28489602414276,-266.54487476905103,9327.258187043084,0.448285
2017-03-28,9081.5,-81.62120645785383,34.034626424326184,63.509561741497,-39.26683841322338,-252.337076610226,9357.18093331548,0.448285
2017-04-05,9264.400390625,83.34846509562735,20.98616042189948,33.166237937944814,-22.270831746553608,-237.9219897314804,9387.092348647562,0.448285
2017-04-12,9242.5,64.31266713023106,-14.413598596008876,4.974161558455245,-6.018596276152477,-223.33662217042425,9416.981988353898,0.448285
2017-04-20,9108.099609375,-91.87961049201816,-32.939252239517906,-14.081142052006856,8.778188374169256,-208.61798196469803,9446.839407749072,0.448285
2017-04-27,9359.150390625,78.11175169534815,-4.4151029746653485,-18.898814455440164,21.50147136402444,-193.80307715192316,9476.654162147655,0.448285
2017-05-05,9374.5498046875,7.600681052414131,20.54147974347017,-12.945825157282972,31.86657795439184,-178.92891576971624,9506.415806864225,0.448285
2017-05-12,9436.650390625,8.12932207178773,19.02685816203244,-2.8289614125849503,40.24178044612079,-164.03250585571573,9536.11389721336,0.448285
2017-05-19,9469.900390625,-7.805057095743452,10.340624459845747,3.555514459846263,47.222175738952245,-149.1508554475303,9565.73798850963,0.448285
2017-05-26,9507.75,-37.65907468916279,30.764418070967395,0.4276389501115957,53.26035418326438,-134.32097258279148,9595.27763606761,0.448285
2017-06-02,9657.150390625,45.5769010477623,56.46397917141336,-8.258968182146129,58.22594868521219,-119.57986529913312,9624.72239520189,0.448285
2017-06-09,9638.5498046875,-4.52185078226587,48.06258920654744,-15.946547752946383,61.85833442330165,-104.96454163417762,9654.06182122704,0.448285
2017-06-16,9595.4501953125,-35.04830437894203,-7.597487592794034,-18.61729306873203,63.940109088074905,-90.51229819273084,9683.285469457624,0.448285
2017-06-23,9643.25,33.68568406066119,-75.77562159790043,-15.047189370685713,64.26711668499546,-76.26288498530165,9712.382895208231,0.448285
2017-07-03,9587.9501953125,-46.61710880693104,-102.39247274041074,-4.572464064612476,62.45344982000479,-62.26486268898481,9741.343653793434,0.448285
2017-07-10,9719.2998046875,-5.631490849154536,-66.92474992246869,12.233456000651534,58.04833043069025,-48.58304150002956,9770.157300527811,0.448285
2017-07-17,9908.150390625,44.02256678796632,19.912234016789103,30.0888372463836,50.60478797424755,-35.29142612631754,9798.81339072593,0.448285
2017-07-24,9936.7998046875,-44.66356745785958,94.41391259392792,42.52614390116064,39.68445327379986,-22.462617325906628,9827.301479702375,0.448285
2017-07-31,10034.7001953125,9.835692433649632,111.23128610756704,43.1465460796592,25.043403821563192,-10.16785590166075,9855.61112277172,0.448285
2017-08-07,10074.7998046875,108.7564364728844,45.19389977954236,28.34953464030124,7.246321942728432,1.5217366034980575,9883.731875248546,0.448285
2017-08-14,9755.75,-122.0440329140472,-38.23199459660988,4.231329002802668,-12.39336772507875,12.534773785515975,9911.653292447418,0.448285
2017-08-22,9815.75,-5.047642149607362,-88.23905899051303,-20.61132619281175,-32.51670453853329,22.79980218854556,9939.36492968292,0.448285
2017-08-30,9859.5,0.2359081123216064,-49.46835146534572,-38.58725373459362,-51.782013820309125,32.245368638293186,9966.856342269632,0.448285
2017-09-06,9899.25,-21.461257490339094,0.8615372917054752,-46.29237963858327,-68.77500564538222,40.8000199604858,9994.117085522112,0.448285
2017-09-13,10099.25,109.55848074866276,43.61959027817683,-41.442708243957455,-82.0143805186458,48.392302980801226,10021.136714754964,0.448285
2017-09-20,10160.9501953125,146.652140204253,25.00536080989045,-23.35049432913272,-90.21470410142146,54.95310744617892,10047.904785282732,0.448285
2017-09-27,9920.599609375,-101.38020981144832,-21.49325031817905,1.3755704161590232,-92.73836069292896,60.42500736138073,10074.410852420016,0.448285
2017-10-05,9927.0,-119.41601028773522,-51.71099785593856,21.871431888727347,-89.16393958863114,64.77504436219074,10100.644471481386,0.448285
2017-10-12,10011.2001953125,-102.77340352399985,-31.494976539812104,29.99495221659683,-79.14867943726493,68.0271048155585,10126.59519778142,0.448285
2017-10-19,10210.349609375,-10.585293653888494,35.84304952909108,25.17832683436592,-62.56914742513608,70.23008745587363,10152.252586634691,0.448285
2017-10-27,10362.2998046875,48.05055299834164,95.7782059105802,9.444426115362036,-40.01549919751668,71.43592550496281,10177.60619335577,0.448285
2017-11-03,10461.5498046875,89.61212539504155,124.77748586523605,-14.399255129445892,-12.782676887229783,71.6965521846596,10202.64557325924,0.448285
2017-11-10,10304.349609375,-73.80738799553393,104.69869280633942,-42.256101558381545,17.290223746124276,71.06390071677583,10227.360281659674,0.448285
2017-11-17,10324.5498046875,-23.845430035456804,46.73144473294143,-67.84889853177968,48.18291032700533,69.58991504232135,10251.739863152468,0.448285
2017-11-24,10366.7998046875,65.73519490845177,-34.140890574444946,-86.01851458518256,78.1236135033489,67.32667388135415,10275.773727553971,0.448285
2017-12-01,10263.7001953125,-0.8014170029012586,-112.61722048936052,-92.23646500031624,105.57775717062444,64.32665426855324,10299.4508863659,0.448285
2017-12-08,10198.4501953125,-65.29340016357085,-166.62749856079785,-82.30712637314866,129.27553608144348,60.642493733637,10322.760190594938,0.448285
2017-12-15,10345.650390625,36.343769634383776,-188.0499615655968,-52.7994465197127,148.1387080218277,56.32637527076624,10345.690945783332,0.448285
2017-12-22,10457.2998046875,50.723010980700096,-170.39563337005,-3.8206198728105143,161.12982772484992,51.42891047054472,10368.234308754263,0.448285
2018-01-02,10477.5498046875,-56.73074317561638,-125.03117440593051,55.716630846949,167.20954622945504,46.00310279735411,10390.382442395288,0.448285
2018-01-09,10645.099609375,-44.58723287915016,-42.42722852579169,114.54609089586202,165.32193741841476,40.11733293719895,10412.128709528466,0.448285
2018-01-16,10761.5,-90.02672576288384,68.47057258091672,161.33862345547766,154.37979234428627,33.86809837887743,10433.469639003326,0.448285
2018-01-23,10997.400390625,43.92678561127079,153.65895496619234,184.72282919195416,133.3284855281071,27.36040561023239,10454.402929717246,0.448285
2018-01-31,11018.7998046875,109.24523574303224,136.61460791736138,175.44079984307643,101.86768971970574,20.70508441318601,10474.926387051137,0.448285
2018-02-07,10607.2001953125,-90.57386719040828,-7.370648594855654,133.9880074936654,62.104507739928,14.014379478248436,10495.03781638592,0.448285
2018-02-15,10537.900390625,53.30806200671678,-120.0923117542065,65.80437867894553,16.744703095136927,7.400535495916086,10514.735023102492,0.448285
2018-02-22,10354.349609375,-52.232748975334985,-75.98588606574698,-20.91927529921272,-31.50409002315865,0.9757971566808348,10534.015812581772,0.448285
2018-03-01,10479.9501953125,66.02575157747347,54.01360861460999,-107.8853268118613,-79.93423742343849,-5.147590848954032,10552.877990204672,0.448285
2018-03-09,10271.2998046875,-94.6381775414826,101.21810984728629,-169.90400022573334,-125.83810491417552,-10.857383830485228,10571.31936135209,0.448285
2018-03-16,10345.150390625,123.03403735220972,7.329112457224483,-192.00109518810115,-166.50805830384033,-16.04133709743687,10589.337731404945,0.448285
2018-03-23,9968.7998046875,-137.6524719946709,-107.33979608251975,-173.13692957352302,-199.41469744664133,-20.587205959296536,10606.930905744151,0.448285
2018-04-03,10186.849609375,37.2427755705664,-109.9690006466803,-117.17365806118492,-222.96445151273892,-24.3827457255678,10624.096689750606,0.448285
2018-04-10,10412.900390625,111.8426397161855,-37.30108560734188,-38.52478433270092,-236.63290648008257,-27.31636147630355,10640.832888805242,0.448285
2018-04-17,10557.2998046875,62.6965877482811,61.63170108497639,45.22920731658463,-240.11531512387592,-29.279684627413086,10657.137308288948,0.448285
2018-04-24,10578.099609375,-71.17437018474791,123.15889282704036,116.37860996420876,-233.07963580283212,-30.19165123151545,10673.007763802849,0.448285
2018-05-02,10783.849609375,57.17758891790174,125.33711559940694,158.05785812654423,-215.0945888948544,-30.07099949164377,10688.442635117644,0.448285
2018-05-09,10693.349609375,-56.508968113326006,101.84817037355108,159.2655504490336,-185.7265692863829,-28.971465588816365,10703.44289154094,0.448285
2018-05-16,10751.9501953125,60.06337031489282,24.203935325265217,121.73431048373348,-145.11206928521074,-26.95161995230199,10718.01226842612,0.448285
2018-05-23,10521.099609375,-59.405573075790265,-89.79660626283864,57.55124273394946,-95.33392213552418,-24.072128385733212,10732.156596500938,0.448285
2018-05-30,10579.0,32.74476413054948,-121.0505383764337,-18.69481549411981,-39.487460060378005,-20.39570983515976,10745.883759635542,0.448285
2018-06-06,10603.4501953125,-65.25132236979009,-1.5139430263611662,-91.82095243800684,18.819854693187885,-15.986178055269468,10759.20273650874,0.448285
2018-06-13,10887.5,80.20062468725922,116.44380018660055,-146.67163071348384,76.31204684103915,-10.909003266340896,10772.124162264923,0.448285
2018-06-20,10734.650390625,-67.66017513177265,64.1778714091325,-171.51040115137397,130.21407913917673,-5.23130114592005,10784.660317505755,0.448285
2018-06-27,10785.5,45.119937651985495,-68.16066828633058,-167.77019412959186,178.50762930260612,0.978413423694684,10796.824882037634,0.448285
2018-07-04,10715.0,-58.388678120457584,-120.89256385442634,-142.0575015261171,220.05558227380956,7.65103415682186,10808.63212707037,0.448285
2018-07-11,10956.400390625,48.12807130551741,-81.00527952099581,-99.50164613614068,253.96546639509336,14.717331550402807,10820.096447031125,0.448285
2018-07-18,11060.2001953125,-7.15755028782082,-21.93447225336168,-43.40775883352623,279.3596642387577,22.10834029422272,10831.231972154228,0.448285
2018-07-25,11148.400390625,-55.40486558830533,13.833898902364112,22.802871181736883,295.36055837713025,29.75559743132526,10842.052330320748,0.448285
2018-08-01,11359.7998046875,58.47085074987059,16.57885903028604,93.49777410830649,301.09053138252705,37.59097216260118,10852.570817253909,0.448285
2018-08-08,11412.5,42.794254062906646,6.067488811119937,159.61922893285063,295.6765574137459,45.541913544646754,10862.80055723473,0.448285
2018-08-16,11397.150390625,-59.04939550224927,40.37730643149413,211.28632388784104,278.2654266146381,53.51615048255846,10872.75457871072,0.448285
2018-08-24,11566.599609375,-0.7050270891328994,134.03588702617492,241.34270358181425,248.0667039696156,61.41364246699059,10882.44569941954,0.448285
2018-08-31,11675.849609375,38.48565572907497,228.5284849979396,242.8041556374334,205.00203648866184,69.14292002916922,10891.88635649272,0.448285
2018-09-07,11558.25,-29.07611728592089,249.84744790290907,208.68595266401303,151.08880593849756,76.61530182124405,10901.08860895926,0.448285
2018-09-17,11464.9501953125,68.91338718429017,171.73289265681353,141.49590272718604,89.0013904007361,83.74227165836272,10910.06435068511,0.448285
2018-09-25,10969.9501953125,-128.02360403045293,13.766867106807627,53.492999707206806,21.453143637016115,90.4353513774228,10918.8254375145,0.448285
2018-10-03,10982.7001953125,187.35993172397127,-138.97152356908714,-40.83542035832085,-48.84258059105338,96.6060667238329,10927.383721383158,0.448285
2018-10-10,10331.849609375,-231.58079901229695,-228.37744585413836,-126.93671490654418,-119.17242852180176,102.1659434429514,10935.75105422683,0.448285
2018-10-17,10688.7001953125,246.27764960477927,-230.73379491405217,-190.9864082460331,-186.82304639362687,107.02650728017778,10943.939287981257,0.448285
2018-10-25,10135.0498046875,-235.1300890526114,-220.64464325861027,-223.1539411194784,-249.0810804448489,111.09928398086586,10951.960274582185,0.448285
2018-11-01,10441.7001953125,89.88699127643198,-198.0678427389258,-220.90672723696028,-303.33389124381233,114.2958002927294,10959.825864963035,0.448285
2018-11-09,10614.7001953125,192.40204468862072,-124.58636990618976,-189.533566028462,-347.6574064621772,116.52767953403954,10967.547813486668,0.448285
2018-11-16,10644.0,42.95404162616936,27.577384953382783,-137.89752410092666,-381.4783220176161,117.70696143846357,10975.137458100528,0.448285
2018-11-26,10568.2998046875,-180.8356470837845,128.1447667801641,-74.42323476295265,-404.9379027376676,117.74596254652624,10982.605859945214,0.448285
2018-12-03,10930.7001953125,179.55462705016845,70.56412232719094,-7.655005393499289,-418.284628231434,116.55705886955197,10989.964020690522,0.448285
2018-12-10,10508.7001953125,-163.4497620792448,-68.8649889324159,51.50635600706451,-421.7817035036159,114.06735539035915,10997.222938430352,0.448285
2018-12-17,10853.2001953125,125.0604919266114,-61.80800212404458,91.0424707184723,-415.7593928969968,110.27101642983584,11004.393611258622,0.448285
2018-12-24,10780.900390625,-56.248866200383134,11.970234533725115,109.0781379648293,-400.59571567016746,105.20956272777192,11011.487037269226,0.448285
2019-01-02,10868.849609375,-19.634266326528728,40.13479983321729,107.5928424722557,-376.690653939765,98.93268064718112,11018.51420668864,0.448285
2019-01-09,10862.400390625,-26.864025166889157,28.18269730903801,88.67855006818743,-344.5729978797654,91.49026199584549,11025.485904298585,0.448285
2019-01-16,10899.650390625,23.88520309638021,10.646047152628428,54.962290594398254,-305.1882636807138,82.9329182504503,11032.412195211857,0.448285
2019-01-23,10931.0498046875,85.9219598489119,-20.20254353826796,12.69677012778618,-259.9807871798752,73.31149846808458,11039.30290696086,0.448285
2019-01-30,10702.25,-121.53769770774088,-45.45598820848187,-28.83826110415379,-210.7627717634757,62.67686760720351,11046.167851176648,0.448285
2019-02-06,10965.099609375,137.4740154861939,-57.80022480191969,-59.33120881521877,-159.3397026105563,51.07989062620979,11053.016839490292,0.448285
2019-02-14,10786.099609375,-39.92692691850641,-94.9227498522524,-70.14896573805909,-107.33286413258372,38.57143248357231,11059.85968353283,0.448285
2019-02-21,10744.099609375,-113.81272913813936,-118.93680719263156,-59.284519360978095,-55.774888006294425,25.202358137712025,11066.70619493533,0.448285
2019-02-28,10865.7001953125,-68.37257946548706,-115.63143648689724,-30.10454598618459,-4.780960624841331,11.023532547059036,11073.566185328851,0.448285
2019-03-08,11038.849609375,-63.6047631287264,-31.9861607866644,12.179612937955142,45.72563333793988,-3.914179329963429,11080.449466344458,0.448285
2019-03-15,11376.849609375,85.65042433621738,65.48209081413427,62.10732710657968,95.80383003976377,-19.55991253489103,11087.365849613196,0.448285
2019-03-25,11395.650390625,-80.33901101986307,157.87235012119544,114.14584174982024,145.5088651170343,-35.86280210931651,11094.325146766128,0.448285
2019-04-02,11711.5498046875,81.57069769724298,223.77324348882087,162.74470295577282,194.89597420613265,-52.7719830947801,11101.33716943431,0.448285
2019-04-09,11612.0498046875,-94.93138187834624,221.86449309522925,202.9250100390392,244.01654471562864,-70.23659053285857,11108.411729248806,0.448285
2019-04-16,11736.2001953125,50.676455799516425,132.5861298184178,232.67951562790768,292.90521569111723,-88.20575946512866,11115.558637840672,0.448285
2019-04-25,11735.7001953125,150.9657970819066,-26.327340563439996,253.3087240150827,341.5939328711215,-106.62862493313064,11122.787706840958,0.448285
2019-05-06,11605.7998046875,101.9637632453271,-157.7343050409891,266.7786470879175,390.1372734929639,-125.45432197845491,11130.108747880737,0.448285
2019-05-13,11258.7001953125,-206.7149476176768,-241.13056908031385,275.0767831162045,438.5693419458787,-144.63198564263948,11137.531572591046,0.448285
2019-05-20,11651.900390625,125.79799583761476,-221.06507064322523,279.3790400477945,486.8331837471167,-164.11075096726108,11145.06599260296,0.448285
2019-05-27,11855.5,210.92856823787724,-136.18860878864572,277.12549287541094,534.7524811217243,-183.8397529938896,11152.721819547523,0.448285
2019-06-03,11953.75,195.29540093136885,-44.312225028879176,264.0405048798892,581.9855809259096,-203.7681267640996,11160.508865055812,0.448285
2019-06-11,11959.849609375,132.7928376490084,18.67016840036848,235.7292589920321,628.0654108941518,-223.84500731942663,11168.436940758866,0.448285
2019-06-18,11677.0498046875,-178.57374152073675,62.860970784698885,187.73068034826613,672.5355664889803,-244.01952970146124,11176.515858287754,0.448285
2019-06-25,11681.0,-146.43513731695236,76.27021074116035,115.5873676527721,715.0629586012432,-264.2408289517505,11184.755429273528,0.448285
2019-07-02,11890.2998046875,138.17384916167032,72.18876879496615,15.885205300129044,755.3445561953554,-284.4580401118802,11193.165465347258,0.448285
2019-07-09,11531.599609375,-108.50866563595024,65.29216900203002,-115.39656174651476,793.0771878388467,-304.62029822338616,11201.755778139974,0.448285
2019-07-16,11596.650390625,68.34206104929025,93.37811182574644,-278.88690530412083,827.9576820991856,-324.67673832786335,11210.536179282764,0.448285
2019-07-23,11372.25,-3.6893082573075806,102.04458528426268,-460.7281295106381,859.6828675438676,-344.5764954668565,11219.516480406674,0.448285
2019-07-30,11213.7001953125,95.2486471638148,2.891159588248527,-636.8269726407742,887.9495727403976,-364.26870468195153,11228.706493142765,0.448285
2019-08-06,10815.400390625,-98.23585513606754,-74.15351496753763,-779.0783936350442,912.4546262562552,-383.7025010146888,11238.116029122084,0.448285
2019-08-14,11003.25,80.31560917140371,8.198432203044275,-863.0867785024408,932.8948566589382,-402.82701950664944,11247.754899975704,0.448285
2019-08-22,10905.2998046875,-49.22456263827261,51.22227521610237,-881.7119219752228,948.9724919495944,-421.5913951993692,11257.632917334668,0.448285
2019-08-29,10996.0498046875,60.8992217546254,-16.21100029997136,-836.8852522047513,960.4319397385934,-439.9449971310394,11267.759892830043,0.448285
2019-09-06,10883.7998046875,-114.15919539049077,-40.4742343610788,-748.9796078957228,967.109268098343,-457.842063856442,11278.14563809289,0.448285
2019-09-16,10994.849609375,-164.77590640901613,16.645958123950656,-639.4444661430358,968.8776201185884,-475.25356106974624,11288.79996475426,0.448285
2019-09-23,11542.7001953125,235.87734512440983,54.11170277910553,-520.4812214601884,965.6166759503348,-492.1569915263811,11299.732684445218,0.448285
2019-09-30,11491.150390625,97.21919062330969,34.69870514383278,-400.3973717017666,957.2050828347632,-508.5288250719467,11310.953608796808,0.448285
2019-10-09,11152.9501953125,-282.0193330199448,-26.880583882686334,-279.7983936859752,943.5207492490564,-524.3447927880545,11322.472549440105,0.448285
2019-10-16,11464.9501953125,-31.82845235141537,-67.18632665502071,-155.19530160129844,924.4412844930276,-539.5803265789461,11334.299318006151,0.448285
2019-10-24,11661.650390625,70.18402601900837,-78.45888382451288,-22.151917213142266,899.8442384998248,-554.2107989822026,11346.443726126025,0.448285
2019-11-01,11886.599609375,178.89122751151953,-74.16614707847636,121.5633648439738,869.6071612025914,-568.211582535366,11358.915585430756,0.448285
2019-11-08,11987.150390625,146.87823641411245,-55.11813668772941,271.61603058874977,833.6076025344457,-581.5580614727694,11371.72471924819,0.448285
2019-11-18,11915.150390625,-51.8474053962162,-35.1938833389727,419.8132360542548,791.7231124285357,-594.2257735364017,11384.881104413798,0.448285
2019-11-25,11922.4501953125,-112.84668115075569,-56.584944318774966,555.8461186692025,743.8312408179934,-606.1907052014565,11398.39516649629,0.448285
2019-12-02,12137.0498046875,106.05353095935472,-127.26180635485647,673.6000543258508,689.809537635937,-617.4289902806148,11412.277478401827,0.448285
2019-12-09,11939.099609375,-94.82744055203015,-177.53290576278908,783.3025524242579,629.5355528155281,-627.91677274081,11426.538623190843,0.448285
2019-12-16,12131.349609375,33.35014872734844,-168.93402394278152,900.4876609257345,562.8868362898988,-637.6301965489589,11441.18918392376,0.448285
2019-12-23,12235.4501953125,58.1904171982634,-161.12888636889934,1038.9533885019507,489.7409379921857,-646.5454056719561,11456.239743660955,0.448285
2019-12-31,12247.099609375,34.86739502034265,-211.8244427690489,1197.018907882068,409.9754078555024,-654.6385440767441,11471.70088546288,0.448285
2020-01-07,12079.099609375,-104.59284954522744,-311.3801426508101,1345.9073690983237,323.4677958130059,-661.8857557302055,11487.583192389911,0.448285
2020-01-14,12333.099609375,173.80773645475014,-351.5317292045825,1445.0939798611007,230.09555936052732,-668.2631845992943,11503.897247502498,0.448285
2020-01-21,12195.2998046875,2.5581664371524724,-249.27441782118453,1465.26499798647,129.84439887493906,-673.7469746508979,11520.653633861022,0.448285
2020-01-28,12148.099609375,-100.0136344971458,-34.469688623913584,1399.7420478835672,23.29121993851798,-678.3132698519449,11537.86293452592,0.448285
2020-02-04,11786.25,-533.2687781647877,287.6044739444334,1246.567856581541,-88.25107074943494,-681.9382141693413,11555.53573255759,0.448285
2020-02-11,12108.400390625,-206.0396695254661,624.0483193001083,1004.619800771857,-203.31271936792865,-684.597951570011,11573.682611016442,0.448285
2020-02-18,12028.25,-53.36079271401728,818.7003085289639,677.2889293390638,-320.4239720960406,-686.2686260208689,11592.3141529629,0.448285
2020-02-26,11738.5498046875,186.71677785527223,787.8468073038056,277.586734672639,-438.1150751127568,-686.9263814888391,11611.440941457378,0.448285
2020-03-04,11351.349609375,680.2971152172246,437.8685014238923,-156.4259302884367,-554.916274597148,-686.5473213393676,11631.073518958838,0.448285
2020-03-12,10039.9501953125,538.9677895167445,-219.09929709474036,-576.675359369583,-669.357816728214,-685.1068899913746,11651.221768979667,0.448285
2020-03-19,8063.2998046875,-437.2512552050213,-774.7537847678573,-934.0402508231538,-779.9699476849897,-682.5784716986374,11671.89351486716,0.448285
2020-03-26,8451.0,289.2075673421687,-784.8718991685475,-1182.213883780753,-885.2829136465255,-678.9348205736268,11693.095949827284,0.448285
2020-04-03,8356.5498046875,-190.38060443580557,-214.1040187151602,-1295.8261877068946,-983.8269607918268,-674.1486573286799,11714.836233665868,0.448285
2020-04-15,9196.400390625,161.67222340721574,330.9666592131778,-1291.0113544947758,-1074.155961013217,-668.1927026761491,11737.121526188748,0.448285
2020-04-22,9026.75,-169.55475098455003,445.7911301674274,-1193.2639295692284,-1155.141759487067,-661.0396728630361,11759.958982736453,0.448285
2020-04-29,9408.599609375,179.27558979883042,352.8027338413547,-1027.5984799518142,-1226.57370882649,-652.6618161305304,11783.35529064365,0.448285
2020-05-07,9234.0498046875,-3.6961825555375034,183.88095315003864,-821.9560903567233,-1288.4646320754862,-643.0289953750646,11807.314751900272,0.448285
2020-05-14,9213.9501953125,-23.48962837790244,-10.784287015009152,-610.6791320197106,-1340.827352278063,-632.1082608462245,11831.838855849408,0.448285
2020-05-21,9079.4501953125,-264.63242335100745,-80.91344599188149,-428.3916719069301,-1383.674692478216,-619.8653199157662,11856.9277489563,0.448285
2020-05-29,9422.2001953125,-122.59146503883838,-22.4727815460825,-292.03178011339764,-1417.0135807676506,-606.269344070175,11882.579146848644,0.448285
2020-06-05,10093.7998046875,342.9710323484985,58.71707634721889,-184.53861912832255,-1440.8273654289137,-591.3124872202422,11908.79016776926,0.448285
2020-06-12,9544.9501953125,-342.6121552320664,63.008254334666574,-80.91753572979074,-1455.0934997922216,-574.9927982290516,11935.557929960964,0.448285
2020-06-19,10119.0,99.25176369907706,38.14266105732907,35.82378672453954,-1459.7893218601866,-557.3084412873346,11962.879551666576,0.448285
2020-06-26,10378.900390625,174.31627327294777,37.44024133064844,169.54147511370138,-1454.883240297863,-538.26650992334,11990.752151128909,0.448285
2020-07-03,10614.9501953125,204.7880029437554,36.9014171404071,312.30569007320634,-1440.3096763349458,-517.9080851006995,12019.172846590778,0.448285
2020-07-10,10764.099609375,112.37610181781416,64.50001371541732,451.36203653094014,-1415.994507272336,-496.2827917118348,12048.138756295,0.448285
2020-07-17,10752.0,-128.17328914645674,87.4232959051396,570.4068598170255,-1381.8633068031563,-473.4405582569534,12077.6469984844,0.448285
2020-07-24,11149.9501953125,95.28242449213155,80.2070737954117,654.038967479936,-1337.8415727186214,-449.4313891381529,12107.694691401795,0.448285
2020-07-31,11139.5,-9.377412335583577,25.97155794685723,692.7869926662128,-1283.8548028099567,-424.30528875750775,12138.27895328998,0.448285
2020-08-07,11186.650390625,-45.41373058491491,-2.3443513482516254,683.0043420501678,-1219.8805103666375,-398.1122615171586,12169.396902391794,0.448285
2020-08-14,11353.2998046875,27.47007641198956,17.454919260485287,624.4734173427637,-1146.2419534585763,-370.9023118192075,12201.045656950046,0.448285
2020-08-21,11409.650390625,-24.12756099042144,83.16880217777965,524.0461214723437,-1063.9338631765038,-342.72544406574934,12233.222335207553,0.448285
2020-08-28,11602.9501953125,88.92751179059071,143.47190196622336,392.6219476974243,-974.363558889974,-313.63166265888844,12265.924055407124,0.448285
2020-09-04,11354.400390625,-173.4838531255301,149.62847496612866,241.78684209399592,-879.0080371004498,-283.6709720007266,12299.14793579158,0.448285
2020-09-11,11447.7998046875,22.46522116614933,41.575945470314295,83.11416422419919,-779.3532442835232,-252.89337649340004,12332.89109460376,0.448285
2020-09-18,11584.099609375,320.8528157356524,-134.45172306502744,-71.20189009204766,-676.901362751039,-221.3488805389901,12367.150650086453,0.448285
2020-09-25,10910.400390625,-317.5234037567837,-202.9555368109802,-208.8183896983359,-573.1385110517851,-189.0874885395964,12401.92372048248,0.448285
2020-10-05,11487.7998046875,18.11996183570309,-23.18112385379832,-318.64174737256064,-469.54550505916313,-156.15920489733452,12437.207424034654,0.448285
2020-10-12,11973.5498046875,177.5355739700234,207.7870873210544,-394.5895916937972,-367.5681098812896,-122.61403401429956,12472.998878985807,0.448285
2020-10-19,11879.2001953125,-70.94036975574456,229.8016214253579,-431.9786819564961,-268.47559768674336,-88.50198029261851,12509.295203578746,0.448285
2020-10-26,11937.400390625,100.95029357527903,-54.85061047930333,-427.7077005837869,-173.21205980909215,-53.87304813438416,12546.093516056286,0.448285
2020-11-02,11697.349609375,-172.2751309508993,-228.40855630804893,-384.4873059377167,-82.09309014788347,-18.777241941707548,12583.390934661256,0.448285
2020-11-09,12399.400390625,166.18396351685354,-102.09671522253014,-307.3668584537309,4.759989264628318,16.735433883334554,12621.184577636444,0.448285
2020-11-17,12932.5,237.7075383519122,102.55222530481724,-207.08448354381392,87.23818172378807,52.61497493859,12659.471563224704,0.448285
2020-11-24,13002.599609375,-67.1074062176687,213.2526908378713,-95.83855226091087,165.23249052489268,88.81137682199113,12698.249009668823,0.448285
2020-12-02,13121.400390625,-181.7874587341301,187.3439696500916,14.421290402717746,238.63391896327784,125.2746351314018,12737.51403521164,0.448285
2020-12-09,13458.099609375,1.3384131383252376,96.23944940224928,113.9697729394592,307.333470334277,161.95474546473378,12777.263758095956,0.448285
2020-12-16,13663.099609375,75.64686671703834,1.2744900381525124,198.65910470213487,371.2221479331894,198.8017034199012,12817.495296564584,0.448285
2020-12-23,13473.5,-262.4015028855264,-56.01671557854677,267.75598995360207,430.1909550553597,235.76550459476783,12858.205768860344,0.448285
2020-12-31,13970.0,85.05225858039584,-94.94255823055046,323.5709668407518,484.1308949960964,272.7961445872318,12899.392293226074,0.448285
2021-01-07,14253.75,232.13724478144064,-132.2466571220335,370.0308343900994,532.9329710507398,309.84361899519126,12941.051987904564,0.448285
2021-01-14,14550.0498046875,401.4087700581476,-165.74942552105767,407.8623790806208,576.4881865146002,346.85792341654883,12983.18197113864,0.448285
2021-01-21,14730.9501953125,461.0493439969378,-189.2421296321504,434.8867066906089,614.6878596367936,383.7890534491889,13025.779361171122,0.448285
2021-01-29,13946.599609375,-458.0477735926216,-180.1945465730325,447.9462154183121,647.4674331865134,420.5870046910027,13068.841276244824,0.448285
2021-02-05,14952.599609375,345.01928834544304,-81.17971753515974,444.18237344583525,675.0111042768098,457.2017262395207,13112.364834602551,0.448285
2021-02-12,15186.2001953125,356.70717740820146,59.85081531330665,421.8584455167496,697.8536213964609,493.58298119064335,13156.34715448714,0.448285
2021-02-19,15074.7998046875,76.56435657118936,171.64705352621874,379.5169023673301,716.6056519414362,529.6804861399263,13200.7853541414,0.448285
2021-02-26,14888.599609375,-196.9309802360829,226.45899585576103,316.07393343950406,731.8771508247539,565.443957682932,13245.676551808132,0.448285
2021-03-05,14977.9501953125,-67.21671532217104,176.40676000628747,232.64246369236008,744.2767087906689,600.8231124151727,13291.017865730182,0.448285
2021-03-15,15048.400390625,109.10877003573276,78.33874301271507,133.99040769794777,754.3883887960486,635.7676669322129,13336.806414150342,0.448285
2021-03-22,14736.2998046875,-85.99681891044919,-19.518789610054917,25.83283692214416,762.7159231448281,670.2273378295858,13383.039315311446,0.448285
2021-03-30,14628.5,-73.56698727934254,-115.45834101075522,-86.08012196178431,769.7399210927135,704.1518417028766,13429.713687456291,0.448285
2021-04-07,14716.4501953125,127.24982552912654,-205.0598238068777,-195.99744851442404,775.940098129401,737.4908951475653,13476.826648827708,0.448285
2021-04-15,14522.400390625,15.284696179678624,-271.0818854304988,-298.1681222964117,781.7962579660898,770.1941265376315,13524.375317668511,0.448285
2021-04-23,14326.349609375,-166.6590711112695,-282.4941600466884,-386.8578967388048,787.7931136896462,802.2108113606005,13572.356812221517,0.448285
2021-04-30,14747.349609375,174.34612981479916,-218.5815324597096,-457.1158589797871,794.4424833877443,833.4901368824143,13620.76825072954,0.448285
2021-05-07,14816.849609375,95.58701149348596,-107.39620237310749,-507.22514647705685,802.2957103378363,863.9814849584482,13669.606751435393,0.448285
2021-05-17,14756.25,-172.64845320123155,42.11016493894153,-537.628310403559,811.9121502820116,893.6350158019301,13718.869432581909,0.448285
2021-05-24,15211.349609375,44.07376029487244,201.7289147979757,-549.2577120580607,823.8501497127745,922.4010842155578,13768.55341241188,0.448285
2021-05-31,15437.75,45.2849413405098,328.0018475894455,-542.9950563333907,838.5724132332984,950.2300450019968,13818.65580916814,0.448285
2021-06-07,15725.099609375,169.99682045778587,371.98536007555566,-519.2320388315836,856.1033687735245,977.0723578062208,13869.173741093497,0.448285
2021-06-14,15791.400390625,148.83075364059266,321.7287865213407,-478.2425393294557,876.1001617195041,1002.878901642241,13920.104326430775,0.448285
2021-06-21,15525.849609375,-176.24852454590834,227.16037076643755,-422.2468561786477,898.139275543951,1027.6006603663857,13971.44468342278,0.448285
2021-06-28,15915.349609375,151.8934247749133,121.71780858811162,-354.4361826311004,921.7940104957868,1051.1886178349353,14023.191930312354,0.448285
2021-07-05,15793.400390625,6.703445891486656,-31.83649223349447,-277.0411731034204,946.637666823914,1073.593757904234,14075.34318534228,0.448285
2021-07-12,15766.7998046875,-9.229813928054138,-225.8567704254197,-193.0197869222317,972.2435447772516,1094.7670644305558,14127.895566755396,0.448285
2021-07-19,15754.5,-38.05910935897114,-394.4618861288541,-106.66966318160316,998.184944604682,1114.6595212702334,14180.846192794514,0.448285
2021-07-27,15860.5,-2.8446474570532727,-506.0454615624184,-22.05935151766335,1024.0351665551214,1133.2221122795725,14234.192181702443,0.448285
2021-08-03,15951.5498046875,-56.70467977302668,-536.9007722401301,57.45127278629776,1049.3675108774885,1150.4058213148646,14287.930651722008,0.448285
2021-08-10,16274.7998046875,64.60320170475816,-501.9481091227981,130.1690809564232,1073.7552778206616,1166.1616322324428,14342.058721096011,0.448285
2021-08-17,16545.25,72.54639339259634,-396.0907754694946,195.00857748745125,1096.7717676335817,1180.4405288885694,14396.573508067297,0.448285
2021-08-25,16654.0,-107.37166868823276,-252.09862862177056,250.81439072662505,1117.9902805651157,1193.1934951395954,14451.472130878668,0.448285
2021-09-01,17185.599609375,105.78378050003872,-64.72418295668756,296.4326723527059,1136.9841168642024,1204.371514841808,14506.751707772932,0.448285
2021-09-08,17375.75,27.956827042891724,87.36180350284499,330.7698638300925,1153.3265767797382,1213.92557185152,14562.409356992914,0.448285
2021-09-16,17539.19921875,-6.1711611940044255,185.86473955540723,352.6658330215043,1166.5909605606305,1221.806650025034,14618.442196781429,0.448285
2021-09-23,17670.849609375,-31.08380024310359,261.8945962889322,360.8713001770856,1176.354434552114,1227.965733218679,14674.847345381291,0.448285
2021-09-30,17718.900390625,-128.53200742621027,347.09205277259844,354.08351685861703,1182.2811020959427,1232.353805288735,14731.62192103532,0.448285
2021-10-07,17810.55078125,-158.4862597696843,430.0942126566365,330.94095440115586,1184.3168374748248,1234.9219945007414,14788.763041986327,0.448285
2021-10-14,18272.849609375,214.1095291228613,504.1716804648312,290.23152136846863,1182.44616287194,1235.6228890697485,14846.267826477151,0.448285
2021-10-22,18230.69921875,117.60450288142728,566.4712838312837,231.41788019173703,1176.6542453305467,1234.417913764433,14904.133392750571,0.448285
2021-10-29,17833.05078125,-272.089264379445,588.4471954217885,156.07144003730858,1166.9743619561584,1231.290047950749,14962.357000263442,0.448285
2021-11-08,18040.19921875,0.6219664248413513,569.0678164337227,69.892082133017,1153.453363700414,1226.2275558675608,15020.936434190444,0.448285
2021-11-15,18140.94921875,278.70625352996615,445.052051533006,-18.03588474615695,1136.1384449516186,1219.2192137107154,15079.869139770854,0.448285
2021-11-23,17281.75,-270.7287374912302,185.37334714339585,-97.377769670222,1115.0767597088611,1210.2552212994308,15139.151179009765,0.448285
2021-11-30,17051.150390625,-175.38018957195803,-104.2997895434318,-157.58948459608268,1090.315451873989,1199.3262959884073,15198.778106474076,0.448285
2021-12-07,17044.099609375,51.76892141302103,-326.6255090853099,-188.11410016452496,1061.9016653487868,1186.423200842739,15258.745431020288,0.448285
2021-12-14,17283.19921875,325.3779835258503,-384.2244961251606,-178.41273794772982,1029.8731088646502,1171.5366989275387,15319.04866150485,0.448285
2021-12-21,16773.150390625,-396.60045461811393,-235.37620203101957,-123.44162898484656,994.2278161667844,1154.6575533079204,15379.683306784276,0.448285
2021-12-28,17177.599609375,-288.93071029665805,-24.97105349283186,-39.86667821295017,954.9464679663675,1135.7767076960488,15440.644875715025,0.448285
2022-01-04,17681.400390625,-46.68614755428384,149.041440861892,50.22330368937709,911.9984991091784,1114.8944173652558,15501.92887715358,0.448285
2022-01-11,17997.75,135.45061682270745,216.66317511362664,124.74110607732614,865.3185373021985,1092.0457447277274,15563.530819956412,0.448285
2022-01-18,18337.19921875,574.3860385809793,92.76208125422838,162.4979234867312,814.8315388805642,1067.2754235674856,15625.446212980012,0.448285
2022-01-25,17001.55078125,-463.9944586262554,-169.09054372065847,145.97892296803062,760.3578372796584,1040.6284582683545,15687.67056508087,0.448285
2022-02-02,17706.19921875,302.9901931893607,-126.87310392681562,66.43249452082794,701.3003966370255,1012.1498532141632,15750.199385115438,0.448285
2022-02-09,17370.099609375,-169.516828079517,158.01945813198515,-50.27380380341437,636.9579883970199,981.8846127887084,15813.028181940215,0.448285
2022-02-16,17408.44921875,-6.963496450851458,179.83638452778047,-157.08329902005067,566.6294239056831,949.877805153746,15876.152400633691,0.448285
2022-02-23,17194.5,93.79689686381538,-21.409137428333477,-223.24325868999225,489.6135145090661,916.1757332309462,15939.566251514498,0.448285
2022-03-03,16723.19921875,-109.77411855467471,-230.2546054271888,-226.1620230871408,405.3013209757575,880.8287150265687,16003.25992981668,0.448285
2022-03-10,16757.099609375,-89.40052006198323,-225.53437807285837,-152.8562133577561,313.78002154649533,843.8881790536061,16067.222520267498,0.448285
2022-03-17,17202.900390625,117.17501408188818,-42.35354968746663,-25.312511540754578,216.5427763520273,805.4055865398187,16131.44307487949,0.448285
2022-03-25,17289.0,-74.08461530859294,164.02206177011422,122.2886304940662,115.43087866627604,765.432398712953,16195.910645665184,0.448285
2022-04-01,17436.900390625,-105.03634494940782,290.2072123676671,254.8042866653432,12.29087510351538,724.0200768007761,16260.614284637106,0.448285
2022-04-08,17698.150390625,154.31113806730792,289.55525755594863,338.5832210914045,-91.06235192848784,681.2200820309934,16325.543043807837,0.448285
2022-04-19,17258.94921875,-189.34806781504625,260.4628646767096,353.09164223587976,-193.0270711687959,637.0838756313992,16390.685975189856,0.448285
2022-04-26,17121.30078125,-122.7843117976622,182.66163264124188,305.9577115937544,-292.22930081277826,591.6629188297082,16456.032130795735,0.448285
2022-05-04,17096.599609375,206.77667673207483,-1.621197367667309,211.64687976069155,-386.7819852417901,545.0086728536944,16521.570562637997,0.448285
2022-05-11,16270.0498046875,-173.27726332313378,-250.7738101618648,84.2861333156407,-474.6481768034023,497.1725989310675,16587.290322729194,0.448285
2022-05-18,16318.150390625,110.22583890862089,-277.5589792819096,-62.11216252796272,-553.7909278451858,448.2061582895993,16653.180463081837,0.448285
2022-05-25,16196.349609375,-126.61240658487132,38.565679098229154,-210.8212202891078,-622.1732907147687,398.1608121570271,16719.23003570849,0.448285
2022-06-01,16594.400390625,188.1937613851658,285.566382490351,-334.1175498735635,-677.7583177597445,347.0880217611294,16785.428092621663,0.448285
2022-06-08,16474.94921875,204.2821399451149,250.24798224923825,-407.8747762802181,-718.5090613276548,295.03924832961394,16851.763685833906,0.448285
2022-06-15,15729.25,-287.694013534029,32.47603771781964,-433.4357282618774,-742.388050644343,242.0658873646626,16918.225867357767,0.448285
2022-06-22,15545.650390625,-255.70549693717945,-205.52021565580625,-418.24524134785895,-747.9052196852178,188.2228750453084,16984.803689205753,0.448285
2022-06-29,15701.7001953125,-26.37673387144601,-353.5814524612174,-367.57118426380384,-735.8402056623784,133.58356818091855,17051.486203390425,0.448285
2022-07-06,15818.2001953125,4.919653940551708,-388.5087170924065,-286.90032610689906,-707.8165876047592,78.24371025170277,17118.26246192431,0.448285
2022-07-13,16128.2001953125,126.35597458428607,-354.45766011675846,-185.59177079939155,-665.5521616854455,22.324296509862897,17185.121516819945,0.448285
2022-07-20,16562.80078125,260.6558766885513,-231.81117978714016,-73.27793387139515,-610.7702190105598,-34.04818285931622,17252.05242008986,0.448285
2022-07-27,16475.349609375,-225.44957916646692,-22.47326353748939,40.16951668917819,-545.1940506863273,-90.74723767049264,17319.044223746598,0.448285
2022-08-03,17349.25,174.6476970720401,261.9456793709166,144.76396931160676,-470.5469478188706,-147.64637773840437,17386.085979802712,0.448285
2022-08-11,17711.650390625,118.65108155196944,502.485070769173,230.5188124252648,-388.5522015144104,-204.61911287768888,17453.16674027069,0.448285
2022-08-19,17966.55078125,170.3903845152593,550.7882504650922,287.56864488869417,-300.9331028790943,-261.5389529030705,17520.275557163117,0.448285
2022-08-26,17619.30078125,-201.91683725430715,452.3631648604683,309.15661514755783,-209.42423636700693,-318.27940762923464,17587.40148249252,0.448285
2022-09-05,17546.44921875,-215.80771863971577,298.5582537550121,299.7344940726664,-115.8553918385128,-374.7139868708691,17654.53356827142,0.448285
2022-09-12,17890.849609375,251.77935237163152,101.6452890263821,268.7480824680999,-22.26778056080867,-430.7162004426525,17721.66086651235,0.448285
2022-09-19,17540.650390625,72.34993205823642,-129.79552833987805,226.23613362791303,69.24698221015998,-486.1595581592976,17788.772429227865,0.448285
2022-09-26,17156.30078125,-146.36524101320123,-351.10839839636384,182.27574252462196,156.5589395399364,-540.9175698354923,17855.8573084305,0.448285
2022-10-03,17102.099609375,-119.17134132482174,-491.2519987718396,147.00002431171032,237.48211431309363,-594.8637452859242,17922.90455613278,0.448285
2022-10-11,17256.05078125,-31.46203228541003,-495.1935743424774,130.38980168132738,310.2849561745832,-647.871594325256,17989.903224347232,0.448285
2022-10-18,17438.75,-92.6036474447384,-340.1137744489146,140.47264325753395,373.9670403179239,-699.8146267682325,18056.842365086428,0.448285
2022-10-25,17808.30078125,-19.958263193824468,-148.26916452655544,175.14141613503153,428.24211490198127,-750.5663524294913,18123.711030362854,0.448285
2022-11-02,18177.900390625,111.27252004724905,-26.552370266014275,229.63608951739192,473.0461602610447,-800.0002811237543,18190.498272189085,0.448285
2022-11-10,18044.349609375,-115.09615914640727,-55.545286750175926,297.45274739100233,508.3350879686418,-847.9899226657116,18257.193142577653,0.448285
2022-11-17,18358.69921875,127.87198702290178,-96.92093509365478,364.3074505514681,534.0648095982546,-894.4087868700555,18323.784693541085,0.448285
2022-11-24,18326.099609375,-147.88728422175703,60.17718306550756,412.4868802674115,550.1912944770038,-939.1304413050872,18390.261977091923,0.448285
2022-12-01,18871.94921875,153.86135071180695,256.1126396008473,430.6211781418205,556.7757682864886,-982.0357632336546,18456.61404524269,0.448285
2022-12-08,18570.849609375,-141.10926048629355,247.40210705847147,410.45683806989126,554.3047613797786,-1023.0347866527773,18522.82995000593,0.448285
2022-12-15,18614.400390625,111.91251072770513,79.4790810650835,352.7439022725873,543.413916937964,-1062.0477836712157,18588.89876329288,0.448285
2022-12-22,18288.80078125,16.64162717400137,-77.9799895008919,269.48736246332726,524.8380447255399,-1098.9962084666868,18654.80994485471,0.448285
2022-12-29,18045.69921875,-66.64778136749013,-148.7032667346463,174.96337035517294,499.33545976353065,-1133.8027705887978,18720.55420732223,0.448285
2023-01-05,18101.94921875,71.59008063179594,-138.83139860775233,81.79397591389801,467.66646036928375,-1166.3924711286838,18786.122571571457,0.448285
2023-01-12,17920.849609375,-95.51967942384428,-66.73852147335215,-2.301089394240991,430.61081997397787,-1196.707978785961,18851.50605847842,0.448285
2023-01-19,18119.80078125,124.98653705824016,-14.73979022026789,-71.40963452831309,389.0016240409374,-1224.733644019732,18916.69568891913,0.448285
2023-01-27,17877.19921875,-53.650716632119,-18.612948050108635,-125.45993448446296,343.7069289421226,-1250.4665947950857,18981.68248376965,0.448285
2023-02-03,17721.75,-155.5296151809387,-6.639779224298736,-184.24199782986804,295.6086481769358,-1273.9047198478052,19046.457463905976,0.448285
2023-02-10,17847.55078125,-8.030749402364117,57.87426872202323,-263.839007654809,245.58052729473235,-1295.045907913704,19111.01165020412,0.448285
2023-02-17,17974.849609375,140.726658900573,143.9883860554217,-365.8032070409853,194.4897556484691,-1313.8880477286127,19175.336063540133,0.448285
2023-02-24,17591.349609375,-128.00679265302358,152.01728236894996,-484.85833343536416,143.20475633273114,-1330.42902802833,19239.42172479004,0.448285
2023-03-03,17451.25,-57.56317773302285,62.74825167438794,-605.1225468444699,92.5947919773592,-1344.6669739040983,19303.25965482984,0.448285
2023-03-13,17421.900390625,142.87247000972235,-70.47001489965672,-704.272053785662,43.53128940106996,-1356.6021746360668,19366.8408745356,0.448285
2023-03-20,17066.599609375,-76.02795805359108,-159.22957252851867,-758.9500207444324,-3.109151556487743,-1366.240226214868,19430.1565384729,0.448285
2023-03-27,16984.30078125,-182.5717330431512,-155.75123055552925,-750.4663690698924,-46.51949750298146,-1373.5887603254089,19493.198371746963,0.448285
2023-04-05,17422.30078125,70.2550534810713,-57.813653261644944,-681.155866427951,-86.2873817550912,-1378.65575513421,19555.958384347825,0.448285
2023-04-13,17807.30078125,198.40248664948865,61.88411676413006,-567.4513427979929,-122.51387682325138,-1381.4493911669392,19618.42878862456,0.448285
2023-04-21,17639.75,-185.5757639628096,110.2534789176645,-428.1410058159233,-155.41065711599322,-1381.9784558874278,19680.60240386449,0.448285
2023-04-28,17950.400390625,-27.540517268223443,82.02943797122168,-281.1194456316244,-185.18939704175887,-1380.2521648854722,19742.47247748086,0.448285
2023-05-08,18120.599609375,15.04795513380394,30.370156386697182,-140.50925427252173,-212.0617710090386,-1376.2799838635008,19804.03250699956,0.448285
2023-05-15,18339.30078125,133.84087611260324,-34.85735565598095,-18.64789720286244,-236.23945342629276,-1370.0714256320143,19865.276037054544,0.448285
2023-05-22,18201.099609375,-123.49822489412789,-54.95757708584674,72.92895994068797,-257.9341578640007,-1361.6360030015271,19926.19661227981,0.448285
2023-05-29,18619.150390625,115.58923217069194,13.999402273980516,131.1149621939244,-277.35768695285185,-1350.9832963700658,19986.78777730932,0.448285
2023-06-05,18612.0,-47.419762817608905,69.32284724545882,175.89827532529105,-294.71731900183715,-1338.127117528352,20047.04307677705,0.448285
2023-06-12,18595.05078125,-127.58196924953388,19.576094047331,229.39599122759944,-310.19504400730284,-1323.1003460850377,20106.956055316947,0.448285
2023-06-19,18873.30078125,157.47032561480884,-121.32282900942704,300.5218400832711,-323.9362957642473,-1305.9525172374342,20166.52025756303,0.448285
2023-06-26,18682.349609375,-176.4312658899147,-134.76679577428527,390.63127817105686,-336.07625184016166,-1286.7365834409004,20225.729228149205,0.448285
2023-07-04,19406.599609375,165.3838147236662,75.33908046920172,493.5480020706822,-346.74231226154626,-1265.505487336516,20284.576511709514,0.448285
2023-07-11,19427.099609375,-124.97148333055604,213.83587531233172,593.5516662965221,-356.05995024624974,-1242.3121515349258,20343.05565287788,0.448285
2023-07-18,19787.5,79.41030850372081,214.92289283173832,673.3707400352669,-364.154639012292,-1217.2094986467223,20401.16019628829,0.448285
2023-07-25,19729.349609375,-52.9038355246184,165.60012272193163,719.1719386631419,-371.1518517775926,-1190.2504512825672,20458.883686574703,0.448285
2023-08-01,19784.0,38.91290374407277,43.30707172733035,724.2117356127693,-377.16344740218784,-1161.4879320530956,20516.219668371108,0.448285
2023-08-08,19627.19921875,33.40638746552072,-155.33955421706997,689.1912508093424,-382.2456880503315,-1130.974863568946,20573.161686311483,0.448285
2023-08-16,19369.0,-58.26650251104585,-333.5923895904496,616.3566716083558,-386.4368960958974,-1098.7641684407267,20629.70328502976,0.448285
2023-08-23,19439.19921875,67.9599220530194,-367.8535189065764,507.9380570549006,-389.7744996835975,-1064.9087509277074,20685.83800915996,0.448285
2023-08-30,19433.44921875,-49.553499221831885,-204.7818482141479,367.980037480552,-392.2933408347749,-1029.461533795827,20741.55940333603,0.448285
2023-09-06,19581.19921875,-98.71746944637472,61.5353426099743,208.0233349662256,-394.0267730209069,-992.4762285508464,20796.86101219193,0.448285
2023-09-13,19989.5,122.65003456751975,322.6416080677189,41.48667341512237,-395.00541272692425,-954.0092836850926,20851.736380361654,0.448285
2023-09-21,19840.55078125,-82.17726080814012,444.1372369771403,-118.21122326950858,-395.25494195967474,-914.1220821689712,20906.179052479158,0.448285
2023-09-28,19761.80078125,-116.5722171384489,444.9545929193721,-259.0871180104464,-394.7958719145513,-872.8811777843453,20960.18257317842,0.448285
2023-10-06,19621.19921875,-147.908888046234,354.2466318240704,-374.8771740212013,-393.64551269660063,-830.3563254034515,21013.74048709341,0.448285
2023-10-13,19654.55078125,61.60194905243959,165.2038009375025,-460.6293475579646,-391.8531619376938,-786.618798102374,21066.84633885809,0.448285
2023-10-20,19542.150390625,167.10178666251406,-101.86803505320124,-511.2350249405722,-389.6018742047468,-741.7401349454551,21119.49367310646,0.448285
2023-10-30,19053.400390625,-150.54670602873688,-363.27676626825854,-521.5458625866183,-387.1144045940415,-695.7919043698009,21171.676034472457,0.448285
2023-11-06,19345.849609375,125.38351417879932,-481.8569821943789,-487.6571278462397,-384.56108049481145,-648.8456818584349,21223.386967590064,0.448285
2023-11-13,19486.75,72.7929261978546,-465.75269918265695,-412.1280171354048,-381.809184078667,-600.973042894403,21274.62001709328,0.448285
2023-11-21,19770.900390625,60.33171978287179,-379.46314145107823,-304.44267219222115,-378.6486801698926,-552.2455629606987,21325.36872761602,0.448285
2023-11-29,19976.55078125,-204.6825805940825,-141.0197866879212,-175.76914412710263,-374.86954818972345,-502.7348029434701,21375.6266437923,0.448285
2023-12-06,20950.75,224.82067816999464,160.66353356500505,-37.34743070288527,-370.261825946928,-452.5122653412725,21425.38731025609,0.448285
2023-12-13,20929.75,-205.03053279296037,326.81879473696216,99.5824703176109,-364.6155688278991,-401.6494350750572,21474.64427164134,0.448285
2023-12-20,21543.5,120.824288212738,383.4427073184688,223.78056117155444,-357.720844141504,-350.2177851432924,21523.39107258203,0.448285
2023-12-28,21715.0,97.88813346523273,368.04712231958064,325.0999942441193,-349.3677221773589,-298.28878556371046,21571.62125771214,0.448285
2024-01-04,21605.80078125,-75.93517279835848,249.5042889821574,398.1834729796748,-339.3462732249889,-245.93390635413095,21619.328371665648,0.448285
2024-01-11,21688.0,94.08785760044417,7.184577929705728,440.8927904995931,-327.44656757392784,-193.2246175323002,21666.505959076487,0.448285
2024-01-18,21414.19921875,-100.19968110065784,-198.3968411310355,453.3420651927931,-313.4614996737384,-140.23238911602394,21713.147564578663,0.448285
2024-01-29,21433.099609375,-145.28576151321928,-233.640546618064,437.0649756936304,-297.2570998704198,-87.02869112307134,21759.246732806143,0.448285
2024-02-05,21921.05078125,153.9849178046089,-122.757533803988,397.6616419300813,-278.9502595023718,-33.68499357120246,21804.797008392878,0.448285
2024-02-12,21800.80078125,-142.6401406282613,-10.09058240852361,342.73476318032533,-258.7224283881798,19.727233521767825,21849.79193597287,0.448285
2024-02-19,22103.44921875,15.804309700285932,76.888912810142,280.1501520738146,-236.7557361523972,73.13652013809316,21894.225060180062,0.448285
2024-02-26,22169.19921875,-28.13587350476151,128.25589177390816,217.75019099198605,-213.23231241955003,126.4713962599724,21938.08992564844,0.448285
2024-03-04,22403.5,183.04940040156973,86.55448538099617,161.1899321499511,-188.3342868141415,179.66039186965003,21981.380077011974,0.448285
2024-03-12,22334.44921875,147.4802580551023,-14.845406378348317,107.3370601799964,-162.24378896071596,232.6320369493158,22024.08905890465,0.448285
2024-03-19,21946.44921875,-229.80356396415695,-89.59022525853342,49.46067901486677,-135.1429484838268,285.31486148123696,22066.210415960413,0.448285
2024-03-27,22053.94921875,-205.1008530681644,-60.631000556808495,-18.480120877917464,-107.21389500793616,337.63739544758505,22107.73769281324,0.448285
2024-04-04,22592.099609375,191.4541447843625,40.53502908814197,-99.44340926762018,-78.63875815759745,389.5281688305771,22148.66443409713,0.448285
2024-04-12,22677.400390625,182.68537581359047,111.69325351793208,-197.27846720768355,-49.59966755735503,440.9157116125171,22188.984184446,0.448285
2024-04-22,22336.900390625,-148.98725836997664,99.39615128794284,-313.640300578199,-20.287243984175724,491.72855377551696,22228.69048849389,0.448285
2024-04-29,22475.55078125,76.05599052529992,19.767114514458108,-438.9722511249784,9.027811158626823,541.8952253018898,22267.776890874706,0.448285
2024-05-07,22489.75,154.17407850737152,-42.25206355804708,-557.6426427864502,37.889435440860304,591.3442561737934,22306.23693622247,0.448285
2024-05-14,22112.900390625,-229.0091176893118,-59.83175193819,-648.1783369735117,65.85125168140728,640.0041763734904,22344.06416917112,0.448285
2024-05-22,22576.599609375,239.76501303997105,-141.2130732467632,-683.584060493253,92.576079837226,687.8035158831842,22381.252134354632,0.448285
2024-05-29,22762.75,402.0609985608419,-256.3373203611645,-653.2179650356459,117.7791057438919,734.6708046850738,22417.794376407004,0.448285
2024-06-05,22128.349609375,-412.7588272570984,-274.1836324360781,-560.211650109731,141.28470645431543,780.5345727614219,22453.68443996217,0.448285
2024-06-12,23344.44921875,343.99442417418584,-62.41091269501475,-414.3180930651189,162.94458058739306,825.3233500944182,22488.915869654134,0.448285
2024-06-20,23586.150390625,23.8762166173883,219.0611048374498,-231.84523437505965,182.61042676205324,868.9656666663209,22523.48221011685,0.448285
2024-06-27,23881.55078125,-129.00688986525597,372.2135722534457,-30.55690317895628,200.1339435971696,911.390052459315,22557.377005984283,0.448285
2024-07-04,24369.94921875,90.74826797447184,347.4649333311095,173.25034838672448,215.36682971164777,952.5250374556224,22590.593801890427,0.448285
2024-07-11,24396.55078125,-121.86005245898956,305.56305057951346,369.2617052983488,228.16078372442075,992.2991516374648,22623.12614246924,0.448285
2024-07-19,24853.80078125,176.0229179082972,204.77480207589335,549.0270596697012,238.36747110145456,1030.640958139976,22654.96757235468,0.448285
2024-07-26,24423.349609375,-206.30402321642805,-74.20901618772213,704.4334351913777,245.8384246974456,1067.4791527095822,22686.111636180744,0.448285
2024-08-02,24789.0,211.38772960892013,-321.1693761367608,829.0621594866675,250.4251442141092,1102.742464245668,22716.5518785814,0.448285
2024-08-09,24386.849609375,-221.0351616119448,-444.751556033944,918.0157318294798,251.9790933080237,1136.3596576928055,22746.281844190577,0.448285
2024-08-19,24636.349609375,-41.234805947857,-487.006722337993,970.6848263872472,250.35140251626223,1168.259831115021,22775.29507764232,0.448285
2024-08-26,24906.099609375,114.98728813533492,-444.15830832385205,987.917495129564,245.39499393040472,1198.3730169330067,22803.58512357054,0.448285
2024-09-02,25333.599609375,359.0398859208715,-293.06507706278705,972.8410846297204,237.0077170178048,1226.6304722601606,22831.145526609234,0.448285
2024-09-09,24823.400390625,-413.863800708672,-28.253745020604303,929.3146376454714,225.2679503546876,1252.9655169617677,22857.96983139235,0.448285
2024-09-16,25406.650390625,-104.43839924525716,278.188961361401,861.0819083100615,210.4541688979173,1277.3121687469718,22884.051582553908,0.448285
2024-09-23,25872.55078125,200.48642108186888,498.34409175423457,771.8075513627276,192.92388891980443,1299.6045034035365,22909.384324727827,0.448285
2024-09-30,26061.30078125,459.0224754895041,510.1170880502046,665.3783349654348,173.0446834775526,1319.7765967191945,22933.961602548112,0.448285
2024-10-08,24832.19921875,-413.68218081836267,252.7406371441969,546.4171516653026,151.1841256284158,1337.7625244817325,22957.776960648716,0.448285
2024-10-15,25186.30078125,345.1465670354572,-39.88471879334314,419.00883843575554,127.70978842963876,1353.4963624788645,22980.823943663625,0.448285
2024-10-22,24798.650390625,242.35781766557847,-203.75063050895108,287.04567580477993,102.98871833843852,1366.912713098359,23003.0960962268,0.448285
2024-10-29,24328.849609375,-39.41017191620719,-266.0812665213822,154.41994430031212,77.38316406715708,1377.950976472916,23024.586962972204,0.448285
2024-11-05,23916.5,-260.1228345935329,-331.4971054539943,25.023924450429885,51.24349209092927,1386.562434972336,23045.29008853383,0.448285
2024-11-12,24225.80078125,292.34359610738505,-452.1101690375298,-97.25010321689857,24.908664065692854,1392.7097757857175,23065.19901754563,0.448285
2024-11-21,23488.44921875,-336.85795971243766,-444.89815747908426,-209.17528644954095,-1.3118381138664497,1396.3851658633291,23084.3072946416,0.448285
2024-11-28,24274.150390625,319.6072210443706,-207.9731975334412,-310.56433694408224,-27.12890061724036,1397.6011344900978,23102.60847018529,0.448285
2024-12-05,24539.150390625,365.168411908028,113.17588089373388,-403.4067980540065,-52.25727644817028,1396.3736380347543,23120.09653429066,0.448285
2024-12-12,24604.44921875,336.83264207981097,304.6142493209392,-490.0700639780663,-76.41181539168535,1392.7157693936065,23136.768437325394,0.448285
2024-12-19,23877.150390625,-343.37884202682613,353.7741862389983,-573.199337474494,-99.30736723289692,1386.6350558440804,23152.62669527614,0.448285
2024-12-27,23801.400390625,-276.8540303891298,308.85193565602805,-655.7515816781385,-120.65878175685695,1378.1377374668407,23167.675111326254,0.448285
2025-01-03,24196.400390625,305.1536360673848,220.0324156803979,-737.7522953758053,-140.1809087486403,1367.2300543425756,23181.917488659088,0.448285
2025-01-10,23551.900390625,-179.66599891694446,158.2611041707692,-818.3819936454889,-157.5885979933537,1353.9182465520046,23195.357630458013,0.448285
2025-01-17,23277.099609375,-314.27091105288457,114.56913972505824,-896.8098141032602,-172.59674650723738,1338.2086014069216,23207.9993399064,0.448285
2025-01-24,23183.900390625,-263.8754656009594,64.94717549092492,-972.2048943652176,-184.92044023134852,1320.1075951439925,23219.84642018761,0.448285
2025-01-31,23296.75,-3.2504075640920407,7.487166233429454,-1043.736372047514,-194.2749547105876,1299.6218936037571,23230.90267448501,0.448285
2025-02-07,23649.5,484.6205074532104,-42.10162580577786,-1110.573384766216,-200.3768329620386,1276.7594300988585,23241.17190598196,0.448285
2025-02-14,23096.44921875,51.33921278264451,-82.24836169621597,-1171.885186246856,-202.9488891810311,1251.5345252296363,23250.657917861823,0.448285
2025-02-21,22857.19921875,-98.03277393057772,-99.5710433394218,-1226.8095037590765,-201.73072203685743,1223.9787485079712,23259.36451330796,0.448285
2025-03-03,22194.55078125,-706.2184256026218,-90.09583914353304,-1274.092304863849,-196.4770610651489,1194.1389164213972,23267.295495503757,0.448285
2025-03-10,22521.849609375,-377.6243296855965,-39.02931500866006,-1311.070623219301,-186.94877307255643,1162.067982728573,23274.45466763254,0.448285
2025-03-18,22662.25,-266.12709174703,26.073022455349182,-1333.4539399083935,-172.9077463032083,1127.8199226255672,23280.84583287772,0.475148
2025-03-25,23751.5,800.9922859328327,63.06927115517028,-1336.3662733375404,-154.11683531133286,1091.4487571382367,23286.47279442264,0.454576
2025-04-02,23192.599609375,246.99114094387528,47.81690763012993,-1316.1335798160958,-130.4227221259882,1053.0085072924437,23291.33935545064,0.3150119999999999
